{
  "auth": {
    "skiwitnessappv29c0bcefd": {
      "customAuth": false,
      "dependsOn": [],
      "providerPlugin": "awscloudformation",
      "service": "Cognito",
      "serviceType": "imported"
    }
  },
  "parameters": {
    "AMPLIFY_auth_skiwitnessappv29c0bcefd_allowUnauthenticatedIdentities": {
      "usedBy": [
        {
          "category": "auth",
          "resourceName": "skiwitnessappv29c0bcefd"
        }
      ]
    },
    "AMPLIFY_auth_skiwitnessappv29c0bcefd_authRoleArn": {
      "usedBy": [
        {
          "category": "auth",
          "resourceName": "skiwitnessappv29c0bcefd"
        }
      ]
    },
    "AMPLIFY_auth_skiwitnessappv29c0bcefd_authRoleName": {
      "usedBy": [
        {
          "category": "auth",
          "resourceName": "skiwitnessappv29c0bcefd"
        }
      ]
    },
    "AMPLIFY_auth_skiwitnessappv29c0bcefd_identityPoolId": {
      "usedBy": [
        {
          "category": "auth",
          "resourceName": "skiwitnessappv29c0bcefd"
        }
      ]
    },
    "AMPLIFY_auth_skiwitnessappv29c0bcefd_identityPoolName": {
      "usedBy": [
        {
          "category": "auth",
          "resourceName": "skiwitnessappv29c0bcefd"
        }
      ]
    },
    "AMPLIFY_auth_skiwitnessappv29c0bcefd_nativeClientId": {
      "usedBy": [
        {
          "category": "auth",
          "resourceName": "skiwitnessappv29c0bcefd"
        }
      ]
    },
    "AMPLIFY_auth_skiwitnessappv29c0bcefd_unauthRoleArn": {
      "usedBy": [
        {
          "category": "auth",
          "resourceName": "skiwitnessappv29c0bcefd"
        }
      ]
    },
    "AMPLIFY_auth_skiwitnessappv29c0bcefd_unauthRoleName": {
      "usedBy": [
        {
          "category": "auth",
          "resourceName": "skiwitnessappv29c0bcefd"
        }
      ]
    },
    "AMPLIFY_auth_skiwitnessappv29c0bcefd_userPoolId": {
      "usedBy": [
        {
          "category": "auth",
          "resourceName": "skiwitnessappv29c0bcefd"
        }
      ]
    },
    "AMPLIFY_auth_skiwitnessappv29c0bcefd_userPoolName": {
      "usedBy": [
        {
          "category": "auth",
          "resourceName": "skiwitnessappv29c0bcefd"
        }
      ]
    },
    "AMPLIFY_auth_skiwitnessappv29c0bcefd_webClientId": {
      "usedBy": [
        {
          "category": "auth",
          "resourceName": "skiwitnessappv29c0bcefd"
        }
      ]
    }
  }
}