{
  "authSelections": "identityPoolAndUserPool",
  "resourceName": "skiwitnessappv29c0bcefd",
  "serviceType": "imported",
  "region": "us-east-1",
  "usernameAttributes": [
    "phone_number"
  ],
  "requiredAttributes": [
    "name",
    "middle_name",
    "phone_number"
  ],
  "passwordPolicyMinLength": 8,
  "passwordPolicyCharacters": [
    "Requires Lowercase",
    "Requires Uppercase",
    "Requires Numbers",
    "Requires Symbols"
  ],
  "mfaConfiguration": "ON",
  "autoVerifiedAttributes": [
    "phone_number"
  ],
  "mfaTypes": [
    "SMS Text Message",
    "TOTP"
  ]
}