{
  "dev": {
    "awscloudformation": {
      "AuthRoleName": "amplify-skiwitnessappv2-dev-0636a-authRole",
      "UnauthRoleArn": "arn:aws:iam::208400344779:role/amplify-skiwitnessappv2-dev-0636a-unauthRole",
      "AuthRoleArn": "arn:aws:iam::208400344779:role/amplify-skiwitnessappv2-dev-0636a-authRole",
      "Region": "us-east-1",
      "DeploymentBucketName": "amplify-skiwitnessappv2-dev-0636a-deployment",
      "UnauthRoleName": "amplify-skiwitnessappv2-dev-0636a-unauthRole",
      "StackName": "amplify-skiwitnessappv2-dev-0636a",
      "StackId": "arn:aws:cloudformation:us-east-1:208400344779:stack/amplify-skiwitnessappv2-dev-0636a/d77786c0-0262-11ef-adad-12aad72771cd",
      "AmplifyAppId": "d2s5t79ctcpbpw"
    },
    "categories": {
      "auth": {
        "skiwitnessappv29c0bcefd": {
          "userPoolId": "us-east-1_Qq0Q7qwdb",
          "userPoolName": "skiwitness_mobile_react",
          "webClientId": "50fohbeehnnqqv651vtt4mfldq",
          "nativeClientId": "50fohbeehnnqqv651vtt4mfldq",
          "identityPoolId": "us-east-1:d6cf1e59-a820-45b3-8a1c-765055ee481f",
          "identityPoolName": "skiwitness_mobile_react",
          "allowUnauthenticatedIdentities": false,
          "authRoleArn": "arn:aws:iam::208400344779:role/Cognito_skiwitness_mobile_reactAuth_Role",
          "authRoleName": "Cognito_skiwitness_mobile_reactAuth_Role",
          "unauthRoleArn": "arn:aws:iam::208400344779:role/Cognito_skiwitness_mobile_reactUnauth_Role",
          "unauthRoleName": "Cognito_skiwitness_mobile_reactUnauth_Role"
        }
      }
    }
  }
}